<?xml version="1.0" encoding="UTF-8"?>
<project-private xmlns="http://www.netbeans.org/ns/project-private/1">
    <editor-bookmarks xmlns="http://www.netbeans.org/ns/editor-bookmarks/2" lastBookmarkId="0"/>
    <open-files xmlns="http://www.netbeans.org/ns/projectui-open-files/2">
        <group>
            <file>file:/C:/Users/PC1/Downloads/Projects-master/Urna/src/Model/DAO/EleitorDAO.java</file>
            <file>file:/C:/Users/PC1/Downloads/Projects-master/Urna/src/View/ViewPartidos.java</file>
            <file>file:/C:/Users/PC1/Downloads/Projects-master/Urna/src/Model/DAO/CandidatoDAO.java</file>
            <file>file:/C:/Users/PC1/Downloads/Projects-master/Urna/src/Model/bean/Candidato.java</file>
            <file>file:/C:/Users/PC1/Downloads/Projects-master/Urna/src/Model/DAO/PartidoDAO.java</file>
            <file>file:/C:/Users/PC1/Downloads/Projects-master/Urna/src/View/ViewCandidato.java</file>
        </group>
    </open-files>
</project-private>
